Wheel Power,Battery Operated,Car,Baby Toy Car,6678 (6288),7000,Pcs,,,
Wheel Power,Battery Operated,Car,Baby Toy Car,BH-5110,7200,Pcs,,,
Wheel Power,Battery Operated,Car,Baby Toy Car,BH-5116,7200,Pcs,,,
Wheel Power,Battery Operated,Car,Baby Toy Car,6160,8800,Pcs,,,
Wheel Power,Battery Operated,Car,Baby Toy Car,61117,8800,Pcs,,,
Wheel Power,Battery Operated,Car,Baby Toy Car,5189,8800,Pcs,,,
Wheel Power,Battery Operated,Car,Baby Toy Car,6117,8800,Pcs,,,
Wheel Power,Battery Operated,Car,Baby Toy Car,6160,8800,Pcs,,,
Wheel Power,Battery Operated,Car,Baby Toy Car,1188 Smiley,8800,Pcs,,,
Wheel Power,Battery Operated,Car,Baby Toy Car,158 APPLE CAR,9600,Pcs,,,
Wheel Power,Battery Operated,Car,Baby Toy Car,518 (PAINT),10000,Pcs,,,
Wheel Power,Battery Operated,Car,Baby Toy Car,1828,9600,Pcs,,,
Wheel Power,Battery Operated,Car,Baby Toy Car,BLJ-9819,10000,Pcs,,,
Wheel Power,Battery Operated,Car,Baby Toy Car,999 (FT-998),10400,Pcs,,,
Wheel Power,Battery Operated,Car,Baby Toy Car,668 (PAINT),11200,Pcs,,,
Wheel Power,Battery Operated,Car,Baby Toy Car,CL-6666,11400,Pcs,,,
Wheel Power,Battery Operated,Car,Baby Toy Car,9188,11600,Pcs,,,
Wheel Power,Battery Operated,Car,Baby Toy Car,AT-6188A2 ( Paint ),12000,Pcs,,,
Wheel Power,Battery Operated,Car,Baby Toy Car,AT-6188B2 ( Paint ),12000,Pcs,,,
Wheel Power,Battery Operated,Car,Baby Toy Car,8899 Spider,12400,Pcs,,,
Wheel Power,Battery Operated,Car,Baby Toy Car,CL-8888,12400,Pcs,,,
Wheel Power,Battery Operated,Car,Baby Toy Car,CL-6699 (672AR) ,13000,Pcs,,,
Wheel Power,Battery Operated,Car,Baby Toy Car,BLK-675,13400,Pcs,,,
Wheel Power,Battery Operated,Car,Baby Toy Car,BLK-911,13400,Pcs,,,
Wheel Power,Battery Operated,Car,Baby Toy Car,ST-0909 (Smoke Car),13400,Pcs,,,
Wheel Power,Battery Operated,Car,Baby Toy Car,CL-6688 (669AR),13600,Pcs,,,
Wheel Power,Battery Operated,Car,Baby Toy Car,CL-6166 Tasla,14000,Pcs,,,
Wheel Power,Battery Operated,Car,Baby Toy Car,CL-6699 (672AR) ( Paint ),14400,Pcs,,,
Wheel Power,Battery Operated,Car,Baby Toy Car,CL-6688 (669AR) ( Paint ),15000,Pcs,,,
Wheel Power,Battery Operated,Car,Baby Toy Car,8202,15000,Pcs,,,
Wheel Power,Battery Operated,Car,Baby Toy Car,6182 ( Paint ),15400,Pcs,,,
Wheel Power,Battery Operated,Car,Baby Toy Car,BDQ-1199 ( Paint ),16800,Pcs,,,
Wheel Power,Battery Operated,Car,Baby Toy Car,6699,19400,Pcs,,,
Wheel Power,Battery Operated,Car,Baby Toy Car,653 Mercedes,22000,Pcs,,,
Wheel Power,Battery Operated,Car,Baby Toy Car,672 (O) Mclaren,23000,Pcs,,,
Wheel Power,Battery Operated,Jeep,Baby Toy Jeep,BJQ 6688,12400,Pcs,,,
Wheel Power,Battery Operated,Jeep,Baby Toy Jeep,218 (BLF-218) ,12800,Pcs,,,
Wheel Power,Battery Operated,Jeep,Baby Toy Jeep,6699 (PKQ6500),13600,Pcs,,,
Wheel Power,Battery Operated,Jeep,Baby Toy Jeep,218 (BLF-218) (WATER TRANSFERRED COLOUR),14000,Pcs,,,
Wheel Power,Battery Operated,Jeep,Baby Toy Jeep,218(BLF-218) (PAINT),14800,Pcs,,,
Wheel Power,Battery Operated,Jeep,Baby Toy Jeep,5188,14800,Pcs,,,
Wheel Power,Battery Operated,Jeep,Baby Toy Jeep,2018,15400,Pcs,,,
Wheel Power,Battery Operated,Jeep,Baby Toy Jeep,SH-618 (BY-666),15400,Pcs,,,
Wheel Power,Battery Operated,Jeep,Baby Toy Jeep,6699 (PKQ6500) Water Transffered,15000,Pcs,,,
Wheel Power,Battery Operated,Jeep,Baby Toy Jeep,999 (BLF-119),16400,Pcs,,,
Wheel Power,Battery Operated,Jeep,Baby Toy Jeep,8101,17000,Pcs,,,
Wheel Power,Battery Operated,Jeep,Baby Toy Jeep,8888,18800,Pcs,,,
Wheel Power,Battery Operated,Jeep,Baby Toy Jeep,AT-1118 (B1118CR),19400,Pcs,,,
Wheel Power,Battery Operated,Jeep,Baby Toy Jeep,SH-118 (B1158CR),21400,Pcs,,,
Wheel Power,Battery Operated,Jeep,Baby Toy Jeep,SH-1188 (B1158ER),25400,Pcs,,,
Wheel Power,Battery Operated,Jeep,Baby Toy Jeep,900 (BLF-198) (PAINT),27000,Pcs,,,
Wheel Power,Battery Operated,Bike,Baby Toy Bike,C051,4600,Pcs,,,
Wheel Power,Battery Operated,Bike,Baby Toy Bike,555 (3196),4600,Pcs,,,
Wheel Power,Battery Operated,Bike,Baby Toy Bike,QD-003,4800,Pcs,,,
Wheel Power,Battery Operated,Bike,Baby Toy Bike,PT-800 (PT600),4800,Pcs,,,
Wheel Power,Battery Operated,Bike,Baby Toy Bike,JH-9958 (New),5000,Pcs,,,
Wheel Power,Battery Operated,Bike,Baby Toy Bike,818 (LQ-158),5000,Pcs,,,
Wheel Power,Battery Operated,Bike,Baby Toy Bike,5188A,5000,Pcs,,,
Wheel Power,Battery Operated,Bike,Baby Toy Bike,B1100 (Kitty Face),5000,Pcs,,,
Wheel Power,Battery Operated,Bike,Baby Toy Bike,A1100 ( LadyBird ),5200,Pcs,,,
Wheel Power,Battery Operated,Bike,Baby Toy Bike,B1100 ( Teddy ),5400,Pcs,,,
Wheel Power,Battery Operated,Bike,Baby Toy Bike,666 ( Captain America ),5400,Pcs,,,
Wheel Power,Battery Operated,Bike,Baby Toy Bike,666 (1800),5600,Pcs,,,
Wheel Power,Battery Operated,Bike,Baby Toy Bike,6688 ( Dog Face ),6400,Pcs,,,
Wheel Power,Battery Operated,Bike,Baby Toy Bike,6688 ( Frozen ),7200,Pcs,,,
Wheel Power,Battery Operated,Bike,Baby Toy Bike,QK-305 ( Air Tyre ),7600,Pcs,,,
Wheel Power,Battery Operated,Bike,Baby Toy Bike,9988 (YJ-9988),8000,Pcs,,,
Wheel Power,Battery Operated,Bike,Baby Toy Bike,158 (Q1008),8400,Pcs,,,
Wheel Power,Battery Operated,Bike,Baby Toy Bike,750 (TTF-750),9000,Pcs,,,
Wheel Power,Battery Operated,Bike,Baby Toy Bike,BLF-188 (G1800/12V),9000,Pcs,,,
Wheel Power,Battery Operated,Bike,Baby Toy Bike,3188 (3688),9400,Pcs,,,
Wheel Power,Battery Operated,Bike,Baby Toy Bike,BLK-918,10000,Pcs,,,
Wheel Power,Battery Operated,Bike,Baby Toy Bike,9188,10400,Pcs,,,
Wheel Power,Battery Operated,Bike,Baby Toy Bike,ST-0907 (518),10400,Pcs,,,
Wheel Power,Battery Operated,Bike,Baby Toy Bike,R1,11000,Pcs,,,
Wheel Power,Battery Operated,Bike,Baby Toy Bike,316,13000,Pcs,,,
Wheel Power,Battery Operated,Bike,Baby Toy Bike,283 (O) BMW,14000,Pcs,,,
Wheel Power,Battery Operated,Bike,Baby Toy Bike,HZB-118 (316),15200,Pcs,,,
Wheel Power,Battery Operated,Bike,Baby Toy Bike,ZP5118,15600,Pcs,,,
Wheel Power,Battery Operated,Bike,Baby Toy Bike,212 Police BMW,19000,Pcs,,,
Harry & Honey,,Pram,Baby Pram,6010A,6400,Pcs,,,
Harry & Honey,,Pram,Baby Pram,KGD8803W,6400,Pcs,,,
Harry & Honey,,Pram,Baby Pram,6001A,6800,Pcs,,,
Harry & Honey,,Pram,Baby Pram,B692L (Rocking),7000,Pcs,,,
Harry & Honey,,Pram,Baby Pram,C-3,7400,Pcs,,,
Harry & Honey,,Cycle,Baby Cycle,157,1800,Pcs,,,
Harry & Honey,,Cycle,Baby Cycle,104 (6PC PCK.),2500,Pcs,,,
Harry & Honey,,Cycle,Baby Cycle,898A BMW,15600,Pcs,,,
Harry & Honey,,Potty Trainer,Baby Potty Trainer,XD-607,1200,Pcs,,,
Harry & Honey,,Potty Trainer,Baby Potty Trainer,XD-801,1500,Pcs,,,
Harry & Honey,,Bath Tub,Baby Bath Tub,XD-903 ,1300,Pcs,,,
Harry & Honey,,Cot,Baby Cot,YT-612,16000,Pcs,,,
Harry & Honey,,Stroller,Baby Stroller,HH-94,4800,Pcs,,,
Harry & Honey,,Stroller,Baby Stroller,HH-98,5000,Pcs,,,
Harry & Honey,,Stroller,Baby Stroller,KGT6106,5400,Pcs,,,
Harry & Honey,,Hi-Chair,Baby Hi-Chair,29B,4400,Pcs,,,
Harry & Honey,,Hi-Chair,Baby Hi-Chair,HH-1009,4600,Pcs,,,
Harry & Honey,,Chair,Baby Chair,8201 APPLE CHAIR,440,Pcs,,,
Harry & Honey,,Ride On,Baby Ride On,382 RIDE ON,2500,Pcs,,,
Harry & Honey,,Ride On,Baby Ride On,3123 Ride On + Suitcase,5600,Pcs,,,
Harry & Honey,,Magic Car,Baby Magic Car,T/P 7811,1560,Pcs,,,
Harry & Honey,,Magic Car,Baby Magic Car,5851,1240,Pcs,,,
Harry & Honey,,Magic Car,Baby Magic Car,888,2000,Pcs,,,
Harry & Honey,,Magic Car,Baby Magic Car,LW-618 ,2100,Pcs,,,
Harry & Honey,,Magic Car,Baby Magic Car,LW-816,2100,Pcs,,,
Harry & Honey,,Magic Car,Baby Magic Car,642,7600,Pcs,,,
Harry & Honey,,Activity Walker,Baby Activity Walker,LA-315,2400,Pcs,,,
Harry & Honey,,Carry Rocker,Baby Carry Rocker,Y02-F ,3400,Pcs,,,
Harry & Honey,,Car Seat,Baby Car Seat,LB-307 ,5800,Pcs,,,
Harry & Honey,,Car Seat,Baby Car Seat,LB-517 ,5800,Pcs,,,
Harry & Honey,,Runner,Baby Runner,TA002,1060,Pcs,,,
Harry & Honey,,Runner,Baby Runner,TA900,2500,Pcs,,,
Harry & Honey,,Runner,Baby Runner,TA1050,2500,Pcs,,,
Harry & Honey,,Runner,Baby Runner,TA1100,2500,Pcs,,,
Harry & Honey,,Room Swing,Baby Room Swing,Toy Plus,2000,Pcs,,,
Harry & Honey,,Room Swing,Baby Room Swing,Jumbo,2200,Pcs,,,
